{
  "parameters": {
    "subscriptionId": "34adfa4f-cedf-4dc0-ba29-b6d1a69ab345",
    "resourceGroupName": "SampleResourceGroup",
    "accountName": "account1",
    "api-version": "2021-07-01",
    "collectionAdminUpdate": {
      "objectId": "7e8de0e7-2bfc-4e1f-9659-2a5785e4356f"
    }
  },
  "responses": {
    "200": {
      "headers": {
        "Date": "Wed, 13 Sep 2017 18:04:32 GMT",
        "x-ms-request-id": "d5496da4-9c52-402f-b067-83cc9ddea888",
        "X-Content-Type-Options": "nosniff",
        "x-ms-ratelimit-remaining-tenant-reads": "14999",
        "x-ms-correlation-request-id": "25c78f97-0b0a-4fe9-ad39-883a482265cd"
      }
    }
  }
}
