{
  "parameters": {
    "endpoint": "{endpoint}",
    "api-version": "2018-12-01-preview"
  },
  "responses": {
    "200": {
      "headers": {
        "Date": "Wed, 13 Sep 2017 18:04:32 GMT",
        "x-ms-request-id": "d5496da4-9c52-402f-b067-83cc9ddea888",
        "X-Content-Type-Options": "nosniff",
        "x-ms-ratelimit-remaining-tenant-reads": "14999",
        "x-ms-correlation-request-id": "25c78f97-0b0a-4fe9-ad39-883a482265cd"
      },
      "body": {
        "location": "West US 2",
        "id": "/subscriptions/34adfa4f-cedf-4dc0-ba29-b6d1a69ab345/resourceGroups/SampleResourceGroup/providers/Microsoft.ProjectBabylon/accounts/account1",
        "name": "account1",
        "type": "Microsoft.ProjectBabylon/accounts",
        "sku": {
          "name": "Standard",
          "capacity": 4
        },
        "systemData": {
          "createdBy": "client-name",
          "createdByType": "User",
          "createdAt": "2019-11-22T18:39:58.6929344Z",
          "lastModifiedBy": "client-name",
          "lastModifiedByType": "User",
          "lastModifiedAt": "2021-03-16T23:24:34.3430059Z"
        },
        "properties": {
          "friendlyName": "friendly-account1",
          "createdBy": "client-name",
          "createdByObjectId": "client-objectId",
          "createdAt": "2019-11-22T18:39:58.6929344Z",
          "provisioningState": "Succeeded",
          "endpoints": {
            "catalog": "https://account1.catalog.babylon.azure-test.com",
            "scan": "https://account1.scan.babylon.azure-test.com",
            "guardian": "https://account1.guardian.babylon.azure-test.com"
          },
          "privateEndpointConnections": [
            {
              "properties": {
                "provisioningState": "Succeeded",
                "privateEndpoint": {
                  "id": "/subscriptions/baca8a88-4527-4c35-a13e-b2775ce0d7fc/resourceGroups/nrpResourceGroupName/providers/Microsoft.Network/privateEndpoints/peName"
                },
                "privateLinkServiceConnectionState": {
                  "status": "Pending",
                  "description": "Please approve my connection, thanks.",
                  "actionsRequired": "None"
                }
              },
              "id": "/subscriptions/34adfa4f-cedf-4dc0-ba29-b6d1a69ab345/resourceGroups/SampleResourceGroup/providers/Microsoft.ProjectBabylon/accounts/account1/privateEndpointConnections/peName-8536c337-7b36-4d67-a7ce-081655baf59e",
              "name": "peName-8536c337-7b36-4d67-a7ce-081655baf59e",
              "type": "Microsoft.ProjectBabylon/accounts/privateEndpointConnections"
            }
          ],
          "managedResources": {
            "resourceGroup": "/subscriptions/34adfa4f-cedf-4dc0-ba29-b6d1a69ab345/resourceGroups/managed-rg-mwjotkl",
            "storageAccount": "/subscriptions/34adfa4f-cedf-4dc0-ba29-b6d1a69ab345/resourceGroups/managed-rg-mwjotkl/providers/Microsoft.Storage/storageAccounts/scanwestustzaagzr",
            "eventHubNamespace": "/subscriptions/34adfa4f-cedf-4dc0-ba29-b6d1a69ab345/resourceGroups/managed-rg-mwjotkl/providers/Microsoft.EventHub/namespaces/atlas-westusdddnbtp"
          }
        }
      }
    }
  }
}
