{
  "parameters": {
    "Endpoint": "{Endpoint}",
    "searchRequest": {
      "keywords": null,
      "limit": 2,
      "filter": {
        "and": [
          {
            "id": "bfecbcc3-1838-45fe-96d6-112de8a170f9"
          }
        ]
      }
    },
    "api-version": "2021-05-01-preview"
  },
  "responses": {
    "200": {
      "body": {
        "@search.count": 1,
        "value": [
          {
            "@search.score": 1.0,
            "id": "bfecbcc3-1838-45fe-96d6-112de8a170f9",
            "qualifiedName": "https://exampleaccount.blob.core.windows.net/examplepath/exampledata.txt",
            "name": "exampledata.txt",
            "description": null,
            "owner": null,
            "entityType": "azure_blob_path",
            "classification": [],
            "label": [],
            "assetType": [
              "Azure Blob Storage"
            ],
            "term": [],
            "contact": []
          }
        ]
      }
    }
  }
}
