{
  "parameters": {
    "Endpoint": "{Endpoint}",
    "searchRequest": {
      "keywords": null,
      "limit": 2,
      "filter": {
        "attributeName": "name",
        "operator": "eq",
        "attributeValue": "exampledata.csv"
      }
    },
    "api-version": "2021-05-01-preview"
  },
  "responses": {
    "200": {
      "body": {
        "@search.count": 3,
        "value": [
          {
            "@search.score": 1.0,
            "id": "63b92968-c9ac-4af8-8cff-f61d147bbf88",
            "qualifiedName": "https://exampleaccount.blob.core.windows.net/examplepath/csv/exampledata.csv",
            "name": "exampledata.csv",
            "description": null,
            "owner": null,
            "entityType": "azure_blob_path",
            "classification": [],
            "label": [
              "Example.Label"
            ],
            "assetType": [
              "Azure Blob Storage"
            ],
            "term": [],
            "contact": []
          },
          {
            "@search.score": 1.0,
            "id": "55b2290d-e11d-4ed2-8c7a-0d8d35eb6254",
            "qualifiedName": "https://examplegen2account.dfs.core.windows.net/examplepath/csv/exampledata.csv",
            "name": "exampledata.csv",
            "description": null,
            "owner": "$superuser",
            "entityType": "azure_datalake_gen2_path",
            "classification": [],
            "label": [
              "Example.Label"
            ],
            "assetType": [
              "Azure Data Lake Storage Gen2"
            ],
            "term": [],
            "contact": []
          }
        ]
      }
    }
  }
}
