{
  "parameters": {
    "Endpoint": "{Endpoint}",
    "glossaryName": "Glossary",
    "limit": "10",
    "offset": "0",
    "api-version": "2021-05-01-preview"
  },
  "responses": {
    "200": {
      "body": [
        {
          "qualifiedName": "ExampleTerm1@Glossary",
          "name": "ExampleTerm1",
          "createTime": 1608002832463,
          "updateTime": 1608002832463,
          "guid": "daf0ba4d-bc9a-4536-8a88-4b58e39dd3d4",
          "status": "Approved",
          "templateName": [],
          "shortDescription": null,
          "longDescription": "Example Long Description"
        },
        {
          "qualifiedName": "ExampleTerm2@Glossary",
          "name": "ExampleTerm2",
          "createTime": 1608002832463,
          "updateTime": 1608002832463,
          "guid": "21b82aa6-483b-43ff-a484-71d34aa34bbc",
          "status": "Approved",
          "templateName": [],
          "shortDescription": null,
          "longDescription": "Example Long Description"
        },
        {
          "qualifiedName": "ExampleTerm3@Glossary",
          "name": "ExampleTerm3",
          "createTime": 1608002832463,
          "updateTime": 1608002832463,
          "guid": "02785962-e01e-425b-8698-5194e116130f",
          "status": "Approved",
          "templateName": [],
          "shortDescription": null,
          "longDescription": "Example Long Description"
        }
      ]
    }
  }
}
