{
  "parameters": {
    "Endpoint": "{Endpoint}",
    "glossaryGuid": "c018ddaf-7c21-4b37-a838-dae5f110c3d8"
  },
  "responses": {
    "200": {
      "body": {
        "guid": "c018ddaf-7c21-4b37-a838-dae5f110c3d8",
        "qualifiedName": "Glossary",
        "name": "Glossary",
        "shortDescription": "Example Short Description",
        "longDescription": "Example Long Description",
        "language": "en",
        "usage": "Example Glossary",
        "terms": [
          {
            "termGuid": "54688d39-b298-4104-9e80-f2a16f44aaea",
            "relationGuid": "7b6a8149-a928-476a-a068-dce58653cfa0",
            "displayText": "ExampleTerm1"
          },
          {
            "termGuid": "952c7ba4-4c89-42d8-a05a-7d2161be7008",
            "relationGuid": "9385640b-e6be-437d-a6b9-62d11c14a189",
            "displayText": "ExampleTerm2"
          }
        ],
        "categories": [
          {
            "categoryGuid": "0d6766f6-f4b6-435b-bda2-d3edc358998e",
            "relationGuid": "26a486a4-a8e2-483c-8a84-3b88e909f8d2"
          },
          {
            "categoryGuid": "ed7458f0-9463-48a5-b5c6-4f785fb34e12",
            "relationGuid": "7bdcef93-a57a-4d1d-95ab-9d3036f394a0"
          },
          {
            "categoryGuid": "e47c4584-daca-4f9e-9092-194e04692c9a",
            "relationGuid": "94071e56-fd3e-4441-93ff-1834f818482d"
          }
        ],
        "termInfo": {
          "54688d39-b298-4104-9e80-f2a16f44aaea": {
            "guid": "54688d39-b298-4104-9e80-f2a16f44aaea",
            "qualifiedName": "ExampleTerm1@Glossary",
            "name": "ExampleTerm1",
            "shortDescription": "Example Short Description",
            "longDescription": "Example Long Description",
            "lastModifiedTS": "2",
            "abbreviation": "T1",
            "createdBy": "23863cef-a2e9-40a3-a427-44dc0d201f61",
            "updatedBy": "23863cef-a2e9-40a3-a427-44dc0d201f61",
            "createTime": 1606287247276,
            "updateTime": 1606290587593,
            "status": "Approved",
            "anchor": {
              "glossaryGuid": "c018ddaf-7c21-4b37-a838-dae5f110c3d8",
              "relationGuid": "7b6a8149-a928-476a-a068-dce58653cfa0"
            },
            "assignedEntities": [
              {
                "guid": "ab9f1920-0b94-436d-aeb4-11a32c270fc0",
                "typeName": "hdfs_path",
                "entityStatus": "ACTIVE",
                "displayText": "1",
                "relationshipType": "AtlasGlossarySemanticAssignment",
                "relationshipGuid": "cf2e959c-05e6-4a9f-b106-b6475741c2ba",
                "relationshipStatus": "ACTIVE",
                "relationshipAttributes": {
                  "typeName": "AtlasGlossarySemanticAssignment",
                  "attributes": {
                    "expression": "Example Expression",
                    "createdBy": "ExampleCreator",
                    "steward": "ExampleSteward",
                    "confidence": 100,
                    "description": "Example Description",
                    "source": "Azure",
                    "status": null
                  }
                }
              }
            ],
            "categories": [
              {
                "categoryGuid": "ed7458f0-9463-48a5-b5c6-4f785fb34e12",
                "relationGuid": "6aebf5ac-0c83-40c0-98bf-958fe9c99007"
              }
            ],
            "seeAlso": [
              {
                "termGuid": "952c7ba4-4c89-42d8-a05a-7d2161be7008",
                "relationGuid": "dfa44030-bd14-4111-a0f1-3d01c964eb01",
                "displayText": "ExampleTerm2"
              }
            ],
            "synonyms": [
              {
                "termGuid": "952c7ba4-4c89-42d8-a05a-7d2161be7008",
                "relationGuid": "15bcbd12-eb48-4b63-8ff5-74f7ec3a562c",
                "displayText": "ExampleTerm2"
              }
            ],
            "contacts": {
              "Expert": [
                {
                  "id": "30435ff9-9b96-44af-a5a9-e05c8b1ae2df",
                  "info": "Example Expert Info"
                }
              ],
              "Steward": [
                {
                  "id": "30435ff9-9b96-44af-a5a9-e05c8b1ae2df",
                  "info": "Example Steward Info"
                }
              ]
            },
            "resources": [
              {
                "displayName": "Example Display Name",
                "url": "Example Url"
              }
            ]
          },
          "952c7ba4-4c89-42d8-a05a-7d2161be7008": {
            "guid": "952c7ba4-4c89-42d8-a05a-7d2161be7008",
            "qualifiedName": "ExampleTerm2@Glossary",
            "name": "ExampleTerm2",
            "shortDescription": "Example Short Description",
            "lastModifiedTS": "1",
            "abbreviation": "T2",
            "createdBy": "23863cef-a2e9-40a3-a427-44dc0d201f61",
            "updatedBy": "23863cef-a2e9-40a3-a427-44dc0d201f61",
            "createTime": 1606287312495,
            "updateTime": 1606287312495,
            "status": "Approved",
            "anchor": {
              "glossaryGuid": "c018ddaf-7c21-4b37-a838-dae5f110c3d8",
              "relationGuid": "9385640b-e6be-437d-a6b9-62d11c14a189"
            },
            "seeAlso": [
              {
                "termGuid": "54688d39-b298-4104-9e80-f2a16f44aaea",
                "relationGuid": "dfa44030-bd14-4111-a0f1-3d01c964eb01",
                "displayText": "ExampleTerm1"
              }
            ],
            "synonyms": [
              {
                "termGuid": "54688d39-b298-4104-9e80-f2a16f44aaea",
                "relationGuid": "15bcbd12-eb48-4b63-8ff5-74f7ec3a562c",
                "displayText": "ExampleTerm1"
              }
            ],
            "resources": [
              {
                "displayName": "Example Display Name",
                "url": "Example Url"
              }
            ]
          }
        },
        "categoryInfo": {
          "ed7458f0-9463-48a5-b5c6-4f785fb34e12": {
            "guid": "ed7458f0-9463-48a5-b5c6-4f785fb34e12",
            "qualifiedName": "ExampleCategory1.ExampleCategory2@Glossary",
            "name": "ExampleCategory1",
            "longDescription": "Example Long Description",
            "lastModifiedTS": "3",
            "anchor": {
              "glossaryGuid": "c018ddaf-7c21-4b37-a838-dae5f110c3d8",
              "relationGuid": "7bdcef93-a57a-4d1d-95ab-9d3036f394a0"
            },
            "parentCategory": {
              "categoryGuid": "e47c4584-daca-4f9e-9092-194e04692c9a",
              "relationGuid": "82d569cd-2273-4ef9-9f67-c6f2ed637c20"
            },
            "childrenCategories": [
              {
                "categoryGuid": "0d6766f6-f4b6-435b-bda2-d3edc358998e",
                "relationGuid": "e50be8c5-7905-4c92-b676-4278866c2c2f"
              }
            ],
            "terms": [
              {
                "termGuid": "54688d39-b298-4104-9e80-f2a16f44aaea",
                "relationGuid": "6aebf5ac-0c83-40c0-98bf-958fe9c99007",
                "displayText": "ExampleTerm1"
              }
            ]
          },
          "e47c4584-daca-4f9e-9092-194e04692c9a": {
            "guid": "e47c4584-daca-4f9e-9092-194e04692c9a",
            "qualifiedName": "ExampleCategory2@Glossary",
            "name": "ExampleCategory2",
            "lastModifiedTS": "1",
            "anchor": {
              "glossaryGuid": "c018ddaf-7c21-4b37-a838-dae5f110c3d8",
              "relationGuid": "94071e56-fd3e-4441-93ff-1834f818482d"
            },
            "childrenCategories": [
              {
                "categoryGuid": "ed7458f0-9463-48a5-b5c6-4f785fb34e12",
                "relationGuid": "82d569cd-2273-4ef9-9f67-c6f2ed637c20"
              }
            ]
          },
          "0d6766f6-f4b6-435b-bda2-d3edc358998e": {
            "guid": "0d6766f6-f4b6-435b-bda2-d3edc358998e",
            "qualifiedName": "ExampleCategory3.ExampleCategory1.ExampleCategory2@Glossary",
            "name": "ExampleCategory3",
            "lastModifiedTS": "2",
            "anchor": {
              "glossaryGuid": "c018ddaf-7c21-4b37-a838-dae5f110c3d8",
              "relationGuid": "26a486a4-a8e2-483c-8a84-3b88e909f8d2"
            },
            "parentCategory": {
              "categoryGuid": "ed7458f0-9463-48a5-b5c6-4f785fb34e12",
              "relationGuid": "e50be8c5-7905-4c92-b676-4278866c2c2f"
            }
          }
        }
      }
    }
  }
}
