{
  "parameters": {
    "Endpoint": "{Endpoint}",
    "dataSourceName": "DataSource1",
    "scanName": "scan1",
    "api-version": "2018-12-01-preview",
    "skipToken": null
  },
  "responses": {
    "200": {
      "headers": {
        "x-ms-request-id": "d5496da4-9c52-402f-b067-83cc9ddea888"
      },
      "body": {
        "value": [
          {
            "id": "556ac46f-bd42-4e84-b1f5-2ac335384b9b",
            "status": "Running",
            "assetsDiscovered": 950,
            "assetsClassified": 345,
            "startTime": "2018-11-14T04:47:52.9614956Z",
            "queuedTime": "2018-11-14T04:47:52.9614956Z",
            "pipelineStartTime": "2018-11-14T04:47:52.9614956Z",
            "endTime": null,
            "runType": "Manual",
            "scanRulesetType": "Custom"
          },
          {
            "id": "6346cde3-467e-41f1-9436-af096fd83247",
            "status": "Succeeded",
            "assetsDiscovered": 950,
            "assetsClassified": 945,
            "startTime": "2018-11-14T04:47:52.9614956Z",
            "queuedTime": "2018-11-14T04:47:52.9614956Z",
            "pipelineStartTime": "2018-11-14T04:47:52.9614956Z",
            "endTime": "2018-11-14T05:17:52.9614956Z",
            "runType": "Scheduled",
            "scanRulesetType": "Custom"
          },
          {
            "id": "565e518f-da15-486d-8f0d-5269ea404df6",
            "status": "Failed",
            "assetsDiscovered": 0,
            "assetsClassified": 0,
            "startTime": "2018-11-14T04:47:52.9614956Z",
            "queuedTime": "2018-11-14T04:47:52.9614956Z",
            "pipelineStartTime": "2018-11-14T04:47:52.9614956Z",
            "endTime": "2018-11-14T05:17:52.9614956Z",
            "errorMessage": "You did a bad thing",
            "runType": "Manual",
            "scanRulesetType": "System"
          }
        ],
        "count": 3,
        "nextLink": null
      }
    }
  }
}
