{
  "parameters": {
    "Endpoint": "{Endpoint}",
    "api-version": "2018-12-01-preview"
  },
  "responses": {
    "200": {
      "headers": {
        "x-ms-request-id": "d5496da4-9c52-402f-b067-83cc9ddea888"
      },
      "body": {
        "count": 2,
        "nextLink": null,
        "value": [
          {
            "scanRulesetType": "System",
            "kind": "AzureStorage",
            "status": "Enabled",
            "version": 2,
            "id": "systemscanrulesets/AzureStorage",
            "name": "sample"
          },
          {
            "scanRulesetType": "System",
            "kind": "AzureStorage",
            "status": "Enabled",
            "version": 1,
            "id": "systemscanrulesets/AzureStorage",
            "name": "sample"
          }
        ]
      }
    }
  }
}
