{
  "parameters": {
    "Endpoint": "{Endpoint}",
    "type": "term_template"
  },
  "responses": {
    "200": {
      "body": {
        "enumDefs": [],
        "structDefs": [],
        "classificationDefs": [],
        "entityDefs": [],
        "relationshipDefs": [],
        "termTemplateDefs": [
          {
            "category": "TERM_TEMPLATE",
            "guid": "d776af9c-985c-4168-abb2-477523dbfc70",
            "createdBy": "ExampleCreator",
            "updatedBy": "ExampleUpdator",
            "createTime": 1606300465443,
            "updateTime": 1606300465443,
            "version": 1,
            "name": "MS KPI",
            "description": "This is the description",
            "typeVersion": "1.0",
            "lastModifiedTS": "1",
            "attributeDefs": [
              {
                "name": "date",
                "typeName": "date",
                "isOptional": true,
                "cardinality": "SINGLE",
                "valuesMinCount": 0,
                "valuesMaxCount": 1,
                "isUnique": false,
                "isIndexable": false,
                "includeInNotification": false,
                "options": {
                  "isDisabled": "false"
                }
              },
              {
                "name": "single choice",
                "typeName": "TERM_TEMPLATE_ENUM_EXAMPLE_1",
                "isOptional": true,
                "cardinality": "SINGLE",
                "valuesMinCount": 0,
                "valuesMaxCount": 1,
                "isUnique": false,
                "isIndexable": false,
                "includeInNotification": false,
                "options": {
                  "isDisabled": "false"
                }
              },
              {
                "name": "multi choice",
                "typeName": "array<TERM_TEMPLATE_ENUM_EXAMPLE_2>",
                "isOptional": true,
                "cardinality": "SET",
                "valuesMinCount": 0,
                "valuesMaxCount": 2147483647,
                "isUnique": false,
                "isIndexable": false,
                "includeInNotification": false,
                "options": {
                  "isDisabled": "false"
                }
              },
              {
                "name": "plain string",
                "typeName": "string",
                "isOptional": true,
                "cardinality": "SINGLE",
                "valuesMinCount": 0,
                "valuesMaxCount": 1,
                "isUnique": false,
                "isIndexable": false,
                "includeInNotification": false,
                "defaultValue": "this is a default value",
                "options": {
                  "isDisabled": "false"
                }
              }
            ]
          }
        ]
      }
    }
  }
}
