{
  "parameters": {
    "Endpoint": "{Endpoint}",
    "name": "hive_order"
  },
  "responses": {
    "200": {
      "body": {
        "category": "STRUCT",
        "guid": "f1571b6e-ad08-4040-a9a7-c30ed935d437",
        "createdBy": "ExampleCreator",
        "updatedBy": "ExampleUpdator",
        "createTime": 1553065968145,
        "updateTime": 1553065968145,
        "version": 1,
        "name": "hive_order",
        "description": "hive_order",
        "typeVersion": "1.0",
        "attributeDefs": [
          {
            "name": "order",
            "typeName": "int",
            "isOptional": false,
            "cardinality": "SINGLE",
            "valuesMinCount": 1,
            "valuesMaxCount": 1,
            "isUnique": false,
            "isIndexable": false,
            "includeInNotification": false
          },
          {
            "name": "col",
            "typeName": "string",
            "isOptional": false,
            "cardinality": "SINGLE",
            "valuesMinCount": 1,
            "valuesMaxCount": 1,
            "isUnique": false,
            "isIndexable": false,
            "includeInNotification": false
          }
        ]
      }
    }
  }
}
