API_PARAMETER,___,TYPE,___,DESCRIPTION
accountName=<val>,,[string],,Thenameoftheaccount
categoryGuid=<val>,,[string],,Thegloballyuniqueidentifierofthecategory
classificationName=<val>,,[string],,Thenameoftheclassification
classificationRuleName=<val>,,[string],,Nameoftheclassificationrule
dataSource=<val>,,[string],,Specifyadatasource(AzureBlobStorage|aws|AzureDataLakeStorageGen2)
dataSourceName=<val>,,[string],,Nameofthedatasource
dataSourceType=<val>,,[string],,Typeofdatasource
depth=<depth>,,[integer],,Thenumberofhopsforlineage[default:3]
direction=<direction>,,[string],,Thedirectionofthelineagewhichcouldbe:INPUT:OUTPUT:BOTH[default:BOTH]
extendedInfo,,[boolean],,Limitswhetherincludesextendedinformation[default:false]
extInfo,,[boolean],,extInfo[default:false]
facets-file=<val>,,[string],,Filepathtoafacetsjsonfile
fileType=<val>,,[string],,Specifyafiletype(csv|avro|parquet|json|snappy|pptx|docx|xlsx)[default:csv]
filter-file=<val>,,[string],,Filepathtoafilterjsonfile
glossaryGuid=<val>,,[string],,Thegloballyuniqueidentifierforglossary
glossaryName=<val>,,[string],,Thenameoftheglossary
groupId=<val>,,[string],,Thegroupidentifier
guid=<val>,,[string],,GloballyUniqueIdentifier(XXXXXXXXXX-YYYYY-ZZZZZZ-AAAAAAAAAAAAAA]Format
ignoreRelationships,,[boolean],,Whethertoignorerelationshipattributes[default:false]
includeTermHierarchy,,[boolean],,Includetermtemplatereferences[default:false]
includeTermTemplate,,[boolean],,Whethertoincludetermtemplatedef[default:false]
keyVaultName=<val>,,[string],,Nameofthekeyvault
limit=<val>,,[integer],,Thepagesize-bydefaultthereisnopaging[default:1000]
minExtInfo,,[boolean],,Whethertoreturnminimalinformationforreferredentities[default:false]
name=<val>,,[string],,Thenameoftheattribute
numberOfDays=<val>,,[integer],,Trailingtimeperiodindays[default:30]
offset=<val>,,[integer],,Offsetforpaginationpurpose[default:0]
operationGuid=<val>,,[string],,Thegloballyuniqueidentifierforasyncoperation/job
payload-file=<val>,,[string],,FilepathtoavalidJSONdocument
privateEndpointConnectionName=<val>,,[string],,Thenameoftheprivateendpointconnection
purviewName=<val>,,[string],,AzurePurviewaccountname
qualifiedName=<val>,,[string],,Thequalifiednameoftheentity
resourceGroupName=<val>,,[string],,Thenameoftheresourcegroup
runId=<val>,,[string],,Theuniqueidentifieroftherun
scanName=<val>,,[string],,Nameofthescan
scanRulesetName=<val>,,[string],,Nameofthescanruleset
scope=<val>,,[string],,ThescopeobjectID(egsubIDortenantID)
scopeTenantId=<val>,,[string],,Thescopetenantinwhichthedefaultaccountisset
scopeType=<val>,,[string],,Thescopewherethedefaultaccountisset(TenantorSubscription)
sort=<val>,,[string],,ASCorDESC[default:ASC]
subscriptionId=<val>,,[string],,ThesubscriptionID
takeTopCount=<val>,,[integer],,Specifythemaximumnumberofrecordstoreturn[default:10]
termGuid=<val>,,[string],,Thegloballyuniqueidentifierforglossaryterm
type=<val>,,[string],,Typedefnameassearchfilter(classification|entity|enum|relationship|struct)
typeName=<val>,,[string],,Thenameofthetype
width=<width>,,[integer],,Thenumberofmaxexpandingwidthinlineage[default:6]
