Category,Command,Method,APIURIDomain,APIURIPath,HTTPBodyPayloadNeeded
management,checkNameAvailability,POST,management.azure.com,/subscriptions/{subscriptionId}/providers/Microsoft.Purview/checkNameAvailability?{subscriptionId=}&(accountName=},
management,createAccount,PUT,management.azure.com,/subscriptions/{subscriptionId}/resourceGroups/{resourceGroupName}/providers/Microsoft.Purview/accounts/{accountName},
management,defaultAccount,GET,management.azure.com,/providers/Microsoft.Purview/getDefaultAccount,
management,deleteAccount,DELETE,management.azure.com,/subscriptions/{subscriptionId}/resourceGroups/{resourceGroupName}/providers/Microsoft.Purview/accounts/{accountName},
management,deletePrivateEndpoint,DELETE,management.azure.com,/subscriptions/{subscriptionId}/resourceGroups/{resourceGroupName}/providers/Microsoft.Purview/accounts/{accountName}/privateEndpointConnections/{privateEndpointConnectionName},
management,listKeys,POST,management.azure.com,/subscriptions/{subscriptionId}/resourceGroups/{resourceGroupName}/providers/Microsoft.Purview/accounts/{accountName}/listkeys,
management,listOperations,GET,management.azure.com,/providers/Microsoft.Purview/operations,
management,listPrivateLinkResources,GET,management.azure.com,/subscriptions/{subscriptionId}/resourceGroups/{resourceGroupName}/providers/Microsoft.Purview/accounts/{accountName}/privateLinkResources/{groupId},
management,putPrivateEndpoint,PUT,management.azure.com,/subscriptions/{subscriptionId}/resourceGroups/{resourceGroupName}/providers/Microsoft.Purview/accounts/{accountName}/privateEndpointConnections/{privateEndpointConnectionName},
management,readAccount,GET,management.azure.com,/subscriptions/{subscriptionId}/resourceGroups/{resourceGroupName}/providers/Microsoft.Purview/accounts/{accountName},
management,readAccounts,GET,management.azure.com,/subscriptions/{subscriptionId}/providers/Microsoft.Purview/accounts,
management,readPrivateEndpoint,GET,management.azure.com,/subscriptions/{subscriptionId}/resourceGroups/{resourceGroupName}/providers/Microsoft.Purview/accounts/{accountName}/privateEndpointConnections/{privateEndpointConnectionName},
management,readPrivateEndpoints,GET,management.azure.com,/subscriptions/{subscriptionId}/resourceGroups/{resourceGroupName}/providers/Microsoft.Purview/accounts/{accountName}/privateEndpointConnections,
management,removeDefaultAccount,POST,management.azure.com,/providers/Microsoft.Purview/removeDefaultAccount,
management,setDefaultAccount,POST,management.azure.com,/providers/Microsoft.Purview/setDefaultAccount,
management,updateAccount,PATCH,management.azure.com,/subscriptions/{subscriptionId}/resourceGroups/{resourceGroupName}/providers/Microsoft.Purview/accounts/{accountName},
credential,delete,DELETE,.proxy.purview.azure.com,/credentials/{credentialName},
credential,put,PUT,.proxy.purview.azure.com,/credentials/{credentialName},JSON
credential,read,GET,.proxy.purview.azure.com,/credentials/{credentialName},
entity,create,POST,.catalog.purview.azure.com,/atlas/v2/entity,JSON
entity,createBulk,POST,.catalog.purview.azure.com,/atlas/v2/entity/bulk,JSON
entity,createBulkClassification,POST,.catalog.purview.azure.com,/atlas/v2/entity/bulk/classification,JSON
entity,createBulkSetClassifications,POST,.catalog.purview.azure.com,/atlas/v2/entity/bulk/setClassifications,JSON
entity,createClassifications,POST,.catalog.purview.azure.com,/atlas/v2/entity/guid/{guid}/classifications,JSON
entity,createUniqueAttributeClassifications,POST,.catalog.purview.azure.com,/atlas/v2/entity/uniqueAttribute/type/{typeName}/classifications,JSON
entity,delete,DELETE,.catalog.purview.azure.com,/atlas/v2/entity/guid/{guid},
entity,deleteBulk,DELETE,.catalog.purview.azure.com,/atlas/v2/entity/bulk?{{guid}},
entity,deleteClassification,DELETE,.catalog.purview.azure.com,/atlas/v2/entity/guid/{guid}/classification/{classificationName},
entity,deleteUniqueAttribute,DELETE,.catalog.purview.azure.com,/atlas/v2/entity/uniqueAttribute/type/{typeName},
entity,deleteUniqueAttributeClassification,DELETE,.catalog.purview.azure.com,/atlas/v2/entity/uniqueAttribute/type/{typeName}/classification/{classificationName},
entity,put,PUT,.catalog.purview.azure.com,/atlas/v2/entity/guid/{guid},JSON
entity,putClassifications,PUT,.catalog.purview.azure.com,/atlas/v2/entity/guid/{guid}/classifications,JSON
entity,putUniqueAttribute,PUT,.catalog.purview.azure.com,/atlas/v2/entity/uniqueAttribute/type/{typeName},JSON
entity,putUniqueAttributeClassifications,PUT,.catalog.purview.azure.com,/atlas/v2/entity/uniqueAttribute/type/{typeName}/classifications,JSON
entity,read,GET,.catalog.purview.azure.com,/atlas/v2/entity/guid/{guid}?{ignoreRelationships=false}&{minExtInfo=false},
entity,readBulk,GET,.catalog.purview.azure.com,/atlas/v2/entity/bulk?{{guid}}&{ignoreRelationships=false}&{minExtInfo=false},
entity,readBulkUniqueAttribute,GET,.catalog.purview.azure.com,/atlas/v2/entity/bulk/uniqueAttribute/type/{typeName}?{{guid}}&{ignoreRelationships=false}&{minExtInfo=false},
entity,readClassification,GET,.catalog.purview.azure.com,/atlas/v2/entity/guid/{guid}/classification/{classificationName},
entity,readClassifications,GET,.catalog.purview.azure.com,/atlas/v2/entity/guid/{guid}/classifications,
entity,readHeader,GET,.catalog.purview.azure.com,/atlas/v2/entity/guid/{guid}/header,
entity,readUniqueAttribute,GET,.catalog.purview.azure.com,/atlas/v2/entity/uniqueAttribute/type/{typeName}?{qualifiedName}&{ignoreRelationships=false}&{minExtInfo=false},
search,search,POST,.catalog.purview.azure.com,/atlas/v2/search/query?{keywords=}&{limit=}&{offset=}&{filterJSON=}&{facetsJSON=},JSON
search,searchAdvanced,POST,.catalog.purview.azure.com,/atlas/v2/search/advanced?{keywords=}&{limit=}&{offset=}&{filterJSON=}&{facetsJSON=},JSON
search,searchSuggest,POST,.catalog.purview.azure.com,/atlas/v2/search/search?{keywords=}&{limit=}&{offset=}&{filterJSON=}&{facetsJSON=},JSON
search,searchAutocomplete,GET,.catalog.purview.azure.com,/atlas/v2/search/autocomplete?{keyword}&{limit},
glossary,create,POST,.catalog.purview.azure.com,/api/atlas/v2/glossary,JSON
glossary,createCategories,POST,.catalog.purview.azure.com,/api/atlas/v2/glossary/categories,JSON
glossary,createCategory,POST,.catalog.purview.azure.com,/api/atlas/v2/glossary/category,JSON
glossary,createTerm,POST,.catalog.purview.azure.com,/api/atlas/v2/glossary/term,JSON
glossary,createTerms,POST,.catalog.purview.azure.com,/api/atlas/v2/glossary/terms,JSON
glossary,createTermsAssignedEntities,POST,.catalog.purview.azure.com,/api/atlas/v2/glossary/terms/{termGuid}/assignedEntities,JSON
glossary,createTermsExport,POST,.catalog.purview.azure.com,/api/atlas/v2/glossary/{glossaryGuid}/terms/export?{termGuid=},
glossary,createTermsImport,POST,.catalog.purview.azure.com,/api/atlas/v2/glossary/{glossaryGuid}/terms/import,
glossary,delete,DELETE,.catalog.purview.azure.com,/api/atlas/v2/glossary/{glossaryGuid},
glossary,deleteCategory,DELETE,.catalog.purview.azure.com,/api/atlas/v2/glossary/category/{categoryGuid},
glossary,deleteTerm,DELETE,.catalog.purview.azure.com,/api/atlas/v2/glossary/term/{termGuid},
glossary,deleteTermsAssignedEntities,DELETE,.catalog.purview.azure.com,/api/atlas/v2/glossary/terms/{termGuid}/assignedEntities,JSON
glossary,update,PUT,.catalog.purview.azure.com,/api/atlas/v2/glossary/{glossaryGuid},JSON
glossary,putCategory,PUT,.catalog.purview.azure.com,/api/atlas/v2/glossary/category/{categoryGuid},JSON
glossary,putCategoryPartial,PUT,.catalog.purview.azure.com,/api/atlas/v2/glossary/category/{categoryGuid}/partial,JSON
glossary,putPartial,PUT,.catalog.purview.azure.com,/api/atlas/v2/glossary/{glossaryGuid}/partial,JSON
glossary,putTerm,PUT,.catalog.purview.azure.com,/api/atlas/v2/glossary/term/{termGuid},JSON
glossary,putTermPartial,PUT,.catalog.purview.azure.com,/api/atlas/v2/glossary/term/{termGuid}/partial,JSON
glossary,putTermsAssignedEntities,PUT,.catalog.purview.azure.com,/api/atlas/v2/glossary/terms/{termGuid}/assignedEntities,JSON
glossary,read,GET,.catalog.purview.azure.com,/api/atlas/v2/glossary?{glossaryGuid=}&{limit=}&{offset=}&{sort=},
glossary,readCategories,GET,.catalog.purview.azure.com,/api/atlas/v2/glossary/{glossaryGuid}/categories?{limit=}&{offset=}&{sort=},
glossary,readCategoriesHeaders,GET,.catalog.purview.azure.com,/api/atlas/v2/glossary/{glossaryGuid}/categories/headers?{limit=}&{offset=}&{sort=},
glossary,readCategory,GET,.catalog.purview.azure.com,/api/atlas/v2/glossary/category/{categoryGuid}?{limit=}&{offset=}&{sort=},
glossary,readCategoryRelated,GET,.catalog.purview.azure.com,/api/atlas/v2/glossary/category/{categoryGuid}/related,
glossary,readCategoryTerms,GET,.catalog.purview.azure.com,/api/atlas/v2/glossary/category/{categoryGuid}/terms?{limit=}&{offset=}&{sort=},
glossary,readDetailed,GET,.catalog.purview.azure.com,/api/atlas/v2/glossary/{glossaryGuid}/detailed,
glossary,readTerm,GET,.catalog.purview.azure.com,/api/atlas/v2/glossary/term/{termGuid},
glossary,readTerms,GET,.catalog.purview.azure.com,/api/atlas/v2/glossary/{glossaryGuid}/terms?{limit=}&{offset=}&{sort=}&{extInfo=}&{includeTermHierarchy=},
glossary,readTermsAssignedEntities,GET,.catalog.purview.azure.com,/api/atlas/v2/glossary/terms/{termGuid}/assignedEntities?{limit=}&{offset=}&{sort=},
glossary,readTermsHeaders,GET,.catalog.purview.azure.com,/api/atlas/v2/glossary/{glossaryGuid}/terms/headers?{limit=}&{offset=}&{sort=},
glossary,readTermsImport,GET,.catalog.purview.azure.com,/api/atlas/v2/glossary/terms/import/{operationGuid},
glossary,readTermsRelated,GET,.catalog.purview.azure.com,/api/atlas/v2/glossary/terms/{termGuid}/related?{limit=}&{offset=}&{sort=},
insight,fileExtensions,POST,.guardian.purview.azure.com,/reports/fileExtensions?{numberOfDays=}&{takeTopCount=},
insight,graphql,POST,.guardian.purview.azure.com,/graphql,JSON
insight,assetDataSources,POST,.purview.azure.com,/mapanddiscover/reports/asset2/dataSources,
insight,assetDistribution,GET,.purview.azure.com,/mapanddiscover/reports/asset2/assetDistribution/getSnapshot,
insight,fileTypeSizeTimeSeries,POST,.purview.azure.com,/mapanddiscover/reports/asset2/fileTypeSizeTimeSeries,
insight,filesWithoutResourceSet,GET,.purview.azure.com,/mapanddiscover/reports/asset2/filesWithoutResourceSet/getSnapshot,
insight,scanStatusSummaries,GET,.purview.azure.com,/mapanddiscover/reports/scanstatus2/summaries?{numberOfDays=},
insight,scanStatusSummariesByTs,GET,.purview.azure.com,/mapanddiscover/reports/scanstatus2/summariesbyts?{numberOfDays=},
insight,topFileTypesBySize,POST,.purview.azure.com,/mapanddiscover/reports/asset2/topFileTypesBySize,
lineage,read,GET,.catalog.purview.azure.com,/api/atlas/v2/lineage/{guid}?{depth=}&{width=}&{direction=},
lineage,readNext,GET,.catalog.purview.azure.com,/api/atlas/v2/lineage/{guid}/next/?{direction=}&{offset=}&{limit=},
relationship,create,POST,.catalog.purview.azure.com,/api/atlas/v2/relationship,JSON
relationship,delete,DELETE,.catalog.purview.azure.com,/api/atlas/v2/relationship/guid/{guid},
relationship,update,PUT,.catalog.purview.azure.com,/api/atlas/v2/relationship,JSON
relationship,read,GET,.catalog.purview.azure.com,/api/atlas/v2/relationship/guid/{guid}?{extendedInfo},
scan,cancelScan,POST,.scan.purview.azure.com,/datasources/{dataSourceName}/scans/{scanName}/runs/{runId}/:cancel,
scan,deleteClassificationRule,DELETE,.scan.purview.azure.com,/classificationrules/{classificationRuleName},
scan,deleteDataSource,DELETE,.scan.purview.azure.com,/datasources/{dataSourceName},
scan,deleteKeyVault,DELETE,.scan.purview.azure.com,/azureKeyVaults/{keyVaultName},
scan,deleteScan,DELETE,.scan.purview.azure.com,/datasources/{dataSourceName}/scans/{scanName},
scan,deleteScanRuleset,DELETE,.scan.purview.azure.com,/scanrulesets/{scanRulesetName},
scan,deleteTrigger,DELETE,.scan.purview.azure.com,/datasources/{dataSourceName}/scans/{scanName}/triggers/default,
scan,putClassificationRule,PUT,.scan.purview.azure.com,/classificationrules/{classificationRuleName},JSON
scan,putDataSource,PUT,.scan.purview.azure.com,/datasources/{dataSourceName},JSON
scan,putFilter,PUT,.scan.purview.azure.com,/datasources/{dataSourceName}/scans/{scanName}/filters/custom,JSON
scan,putKeyVault,PUT,.scan.purview.azure.com,/azureKeyVaults/{keyVaultName},JSON
scan,putScan,PUT,.scan.purview.azure.com,/datasources/{dataSourceName}/scans/{scanName},JSON
scan,putScanRuleset,PUT,.scan.purview.azure.com,/scanrulesets/{scanRulesetName},JSON
scan,putTrigger,PUT,.scan.purview.azure.com,/datasources/{dataSourceName}/scans/{scanName}/triggers/default,JSON
scan,readClassificationRule,GET,.scan.purview.azure.com,/classificationrules/{classificationRuleName},
scan,readClassificationRuleVersions,GET,.scan.purview.azure.com,/classificationrules/{classificationRuleName}/versions,
scan,readClassificationRules,GET,.scan.purview.azure.com,/classificationrules,
scan,readDatasource,GET,.scan.purview.azure.com,/datasources/{dataSourceName},
scan,readDatasources,GET,.scan.purview.azure.com,/datasources,
scan,readFilters,GET,.scan.purview.azure.com,/datasources/{dataSourceName}/scans/{scanName}/filters/custom,
scan,readKeyVault,GET,.scan.purview.azure.com,/azureKeyVaults/{keyVaultName},
scan,readKeyVaults,GET,.scan.purview.azure.com,/azureKeyVaults,
scan,readScan,GET,.scan.purview.azure.com,/datasources/{dataSourceName}/scans/{scanName},
scan,readScanHistory,GET,.scan.purview.azure.com,/datasources/{dataSourceName}/scans/{scanName}/runs,
scan,readScanRuleset,GET,.scan.purview.azure.com,/scanrulesets/{scanRulesetName},
scan,readScanRulesets,GET,.scan.purview.azure.com,/scanrulesets,
scan,readScans,GET,.scan.purview.azure.com,/datasources/{dataSourceName}/scans,
scan,readSystemScanRuleset,GET,.scan.purview.azure.com,/systemScanRulesets/datasources/{dataSourceType},
scan,readSystemScanRulesetLatest,GET,.scan.purview.azure.com,/systemScanRulesets/versions/latest?dataSourceType={dataSourceType},
scan,readSystemScanRulesetVersion,GET,.scan.purview.azure.com,/systemScanRulesets/versions/{version}?dataSourceType={dataSourceType},
scan,readSystemScanRulesetVersions,GET,.scan.purview.azure.com,/systemScanRulesets/versions?dataSourceType={dataSourceType},
scan,readSystemScanRulesets,GET,.scan.purview.azure.com,/systemScanRulesets,
scan,readTrigger,GET,.scan.purview.azure.com,/datasources/{dataSourceName}/scans/{scanName}/triggers/default,
scan,runScan,PUT,.scan.purview.azure.com,/datasources/{dataSourceName}/scans/{scanName}/runs/{uuid},
types,createTypeDefs,POST,.catalog.purview.azure.com,/api/atlas/v2/types/typedefs,JSON
types,deleteTypeDef,DELETE,.catalog.purview.azure.com,/api/atlas/v2/types/typedef/name/{name},
types,deleteTypeDefs,DELETE,.catalog.purview.azure.com,/api/atlas/v2/types/typedefs,JSON
types,putTypeDefs,PUT,.catalog.purview.azure.com,/api/atlas/v2/types/typedefs,JSON
types,readClassificationDef,GET,.catalog.purview.azure.com,/api/atlas/v2/types/classificationdef/{typeDefKey}/{typeDefVal},
types,readEntityDef,GET,.catalog.purview.azure.com,/api/atlas/v2/types/entitydef/{typeDefKey}/{typeDefVal},
types,readEnumDef,GET,.catalog.purview.azure.com,/api/atlas/v2/types/enumdef/{typeDefKey}/{typeDefVal},
types,readRelationshipDef,GET,.catalog.purview.azure.com,/api/atlas/v2/types/relationshipdef/{typeDefKey}/{typeDefVal},
types,readStatistics,GET,.catalog.purview.azure.com,/api/atlas/v2/types/statistics,
types,readStructDef,GET,.catalog.purview.azure.com,/api/atlas/v2/types/structdef/{typeDefKey}/{typeDefVal},
types,readTermTemplateDef,GET,.catalog.purview.azure.com,/api/atlas/v2/types/termtemplatedef/{typeDefKey}/{typeDefVal},
types,readTypeDef,GET,.catalog.purview.azure.com,/api/atlas/v2/types/typedef/{typeDefKey}/{typeDefVal},
types,readTypeDefs,GET,.catalog.purview.azure.com,/api/atlas/v2/types/typedefs?{includeTermTemplate=}&{type=},
types,readTypeDefsHeaders,GET,.catalog.purview.azure.com,/api/atlas/v2/types/typedefs/headers?{includeTermTemplate=}&{type=},
